Date,Open,High,Low,Close,Adj Close
2019-01-01,69.709999,69.730003,69.43,69.709999,69.709999
2019-01-02,69.443001,70.233002,69.443001,69.709999,69.709999
2019-01-03,69.959999,70.510002,69.959999,69.959999,69.959999
2019-01-04,70.100502,70.130302,69.599998,70.300003,70.300003
2019-01-07,69.525002,69.919998,69.080002,69.525002,69.525002
2019-01-08,69.809998,70.234001,69.720001,69.809998,69.809998
2019-01-09,70.125,70.629997,70.010002,70.330002,70.330002
2019-01-10,70.550499,70.639999,70.32,70.550499,70.550499
2019-01-11,70.410004,70.57,70.349998,70.720001,70.720001
2019-01-14,70.370003,70.938004,70.269997,70.370003,70.370003
2019-01-15,71.084999,71.139999,70.690002,71.084999,71.084999
2019-01-16,71.092499,71.25,70.93,71.092499,71.092499
2019-01-17,71.364998,71.57,70.970497,71.364998,71.364998
2019-01-18,71.029999,71.260002,70.980003,71.030197,71.030197
2019-01-21,71.230003,71.529999,71.129997,71.230003,71.230003
2019-01-22,71.184998,71.447998,71.07,71.5,71.5
2019-01-23,71.230202,71.360001,71.097801,71.230202,71.230202
2019-01-24,71.157303,71.300003,70.940002,71.157303,71.157303
2019-01-25,70.989998,71.223,70.884003,70.989998,70.989998
2019-01-28,70.974998,71.190002,70.860001,70.974998,70.974998
2019-01-29,71.090103,71.453003,71.019997,71.090103,71.090103
2019-01-30,71.422501,71.550003,71.108002,71.620003,71.620003
2019-01-31,71.120003,71.230003,70.839996,71.120003,71.120003
2019-02-01,70.949997,71.480003,70.919998,71.199997,71.199997
2019-02-04,71.451698,71.900002,71.400002,71.451698,71.451698
2019-02-05,71.684998,71.809998,71.510002,71.684998,71.684998
2019-02-06,71.769997,71.769997,71.449997,71.769997,71.769997
2019-02-07,71.540497,71.879997,71.269997,71.540497,71.540497
2019-02-08,71.580002,71.580002,71.019997,71.580002,71.580002
2019-02-11,71.150002,71.300003,71.0345,71.150002,71.150002
2019-02-12,71.230003,71.240997,70.559998,71.230003,71.230003
2019-02-13,70.674599,70.879997,70.389999,70.809998,70.809998
2019-02-14,70.865097,71.239998,70.788002,70.865097,70.865097
2019-02-15,71.010002,71.459999,71,71.010002,71.010002
2019-02-18,71.32,71.510002,71.269997,71.32,71.32
2019-02-19,71.376503,71.610001,71.239998,71.699997,71.699997
2019-02-20,71.305,71.330002,70.931999,71.599998,71.599998
2019-02-21,71.049004,71.233002,70.93,71.300003,71.300003
2019-02-22,71.184998,71.230003,71.019997,71.184998,71.184998
2019-02-25,71.027496,71.150002,70.814903,71.030998,71.030998
2019-02-26,70.824501,71.43,70.801498,71.089996,71.089996
2019-02-27,70.940002,71.480003,70.919998,70.940002,70.940002
2019-02-28,71.215302,71.592499,70.703499,71.190002,71.190002
2019-03-01,70.816002,71.059998,70.688301,70.816002,70.816002
2019-03-04,70.989998,71.199997,70.739502,70.989998,70.989998
2019-03-05,70.900002,70.976501,70.397003,70.900002,70.900002
2019-03-06,70.480003,70.683502,70.020203,70.7425,70.7425
2019-03-07,70.070503,70.141502,69.782997,70.364998,70.364998
2019-03-08,70.487503,70.487503,69.775299,70.487503,70.487503
2019-03-11,69.9869,70.023499,69.792,69.9869,69.9869
2019-03-12,69.7901,69.790298,69.481499,69.7901,69.7901
2019-03-13,69.615501,69.814499,69.414001,69.845001,69.845001
2019-03-14,69.726303,69.726303,69.313004,69.726303,69.726303
2019-03-15,69.337303,69.627502,68.915001,69.337303,69.337303
2019-03-18,68.953003,69.239998,68.455002,68.953003,68.953003
2019-03-19,68.614998,69.171501,68.350502,68.617996,68.617996
2019-03-20,69.007599,69.317497,68.741501,69.317497,69.317497
2019-03-21,68.780502,68.782997,68.43,68.824997,68.824997
2019-03-22,68.800499,69.251503,68.547997,68.93,68.93
2019-03-25,69.160599,69.185997,68.790001,69.1605,69.1605
2019-03-26,68.923401,69.301498,68.634003,68.923401,68.923401
2019-03-27,68.986,69.195801,68.769997,69.427498,69.427498
2019-03-28,69.089996,69.357002,68.914001,69.370003,69.370003
2019-03-29,69.181503,69.348999,69.039001,69.5,69.5
2019-04-01,69.43,69.610001,69.18,69.43,69.43
2019-04-02,69.195503,69.529999,68.739899,69.195297,69.195297
2019-04-03,68.9105,69.205002,68.377998,68.910202,68.910202
2019-04-04,68.443001,69.43,68.440002,68.849998,68.849998
2019-04-05,68.970497,69.327499,68.939003,68.970398,68.970398
2019-04-08,69.1605,69.769997,69.1605,69.160004,69.160004
2019-04-09,69.547997,69.714996,69.248001,69.552498,69.552498
2019-04-10,69.261497,69.364799,69.081001,69.261803,69.261803
2019-04-11,69.140503,69.495003,68.830002,69.140198,69.140198
2019-04-12,69.013,69.43,69.010002,69.43,69.43
2019-04-15,69.182999,69.624496,68.924004,69.161003,69.161003
2019-04-16,69.388,69.658997,69.3815,69.809998,69.809998
2019-04-17,69.523003,69.661003,69.333,69.885002,69.885002
2019-04-18,69.401001,69.616997,69.355003,69.401001,69.401001
2019-04-19,69.388,69.754997,69.294998,69.380997,69.380997
2019-04-22,69.388,69.914497,69.360001,69.360001,69.360001
2019-04-23,69.690002,69.834,69.429001,70.0625,70.0625
2019-04-24,69.760498,69.988998,69.662003,69.758003,69.758003
2019-04-25,69.953003,70.477501,69.916,70.095802,70.095802
2019-04-26,70.1605,70.540001,69.764297,70.160004,70.160004
2019-04-29,69.843002,70.050003,69.765503,69.842003,69.842003
2019-04-30,69.855003,69.920998,69.529999,69.811798,69.811798
2019-05-01,69.637497,69.928497,69.438004,69.556,69.556
2019-05-02,69.637497,69.649002,69.289001,69.632896,69.632896
2019-05-03,69.424301,69.769997,69.0625,69.4244,69.4244
2019-05-06,69.087997,69.467003,69.087997,69.167999,69.167999
2019-05-07,69.403,69.660004,69.262001,69.400299,69.400299
2019-05-08,69.602997,69.910004,69.439003,69.910004,69.910004
2019-05-09,69.726997,70.285004,69.683998,70.010002,70.010002
2019-05-10,70.193001,70.410004,69.753998,70.410004,70.410004
2019-05-13,70.008003,70.636497,69.921501,69.922501,69.922501
2019-05-14,70.616997,70.959999,70.240997,70.616997,70.616997
2019-05-15,70.306999,70.419502,70.166,70.306999,70.306999
2019-05-16,70.2136,70.327499,69.915001,70.209198,70.209198
2019-05-17,70.227097,70.303001,70.074997,70.235001,70.235001
2019-05-20,70.273003,70.281502,69.260002,70.281502,70.281502
2019-05-21,69.601997,70.127502,69.599297,70.127502,70.127502
2019-05-22,null,null,null,null,null
2019-05-23,69.642998,70.190002,69.344398,69.972504,69.972504
2019-05-24,69.657997,69.945,69.357498,69.945,69.945
2019-05-27,69.373001,69.6119,69.309998,69.360001,69.360001
2019-05-28,69.492996,69.728996,69.464996,69.720001,69.720001
2019-05-29,69.875,69.998001,69.570999,69.875,69.875
2019-05-30,69.815201,70.059998,69.605499,69.815002,69.815002
2019-05-31,69.804001,69.980003,69.5858,69.980003,69.980003
2019-06-03,69.570503,69.570503,69.124001,69.569603,69.569603
2019-06-04,69.161598,69.378998,69.014,69.161903,69.161903
2019-06-05,69.283997,69.559998,69.167999,69.559998,69.559998
2019-06-06,69.390198,69.625,68.905998,69.625,69.625
2019-06-07,69.360001,69.556999,68.973999,69.360001,69.360001
2019-06-10,69.348,69.648003,69.120003,69.345001,69.345001
2019-06-11,69.509003,69.739998,69.348,69.523499,69.523499
2019-06-12,69.389,69.650002,69.252998,69.386497,69.386497
2019-06-13,69.699997,69.699997,69.306999,69.699997,69.699997
2019-06-14,69.557999,69.842003,69.503998,69.800003,69.800003
2019-06-17,69.825996,70.044998,69.749001,69.7705,69.7705
2019-06-18,69.817001,70.112503,69.446999,70.112503,70.112503
2019-06-19,69.600502,69.806,69.478996,69.764999,69.764999
2019-06-20,69.640503,69.870003,69.331001,69.870003,69.870003
2019-06-21,69.510002,69.779999,69.502998,69.779999,69.779999
2019-06-24,69.608002,69.667503,69.291,69.569901,69.569901
2019-06-25,69.259003,69.602501,69.219002,69.602501,69.602501
2019-06-26,69.637497,69.769997,69.098999,69.637497,69.637497
2019-06-27,69.602501,69.615501,68.999001,69.602501,69.602501
2019-06-28,69.324997,69.324997,68.869003,69.324997,69.324997
2019-07-01,68.940498,69.074997,68.820999,68.940498,68.940498
2019-07-02,68.877998,69.167503,68.863998,69.167503,69.167503
2019-07-03,68.883003,69.082497,68.779503,69.082497,69.082497
2019-07-04,68.786003,69.0075,68.482002,69.0075,69.0075
2019-07-05,68.739998,68.769997,68.389,68.739998,68.739998
2019-07-08,68.443001,68.839996,68.440002,68.440002,68.440002
2019-07-09,68.558998,68.849998,68.507004,68.849998,68.849998
2019-07-10,68.555496,68.764999,68.292503,68.764999,68.764999
2019-07-11,68.508102,68.529999,68.202301,68.367599,68.367599
2019-07-12,68.443001,68.682999,68.356499,68.669998,68.669998
2019-07-15,68.550499,68.591003,68.301498,68.550301,68.550301
2019-07-16,68.532997,68.75,68.505997,68.747498,68.747498
2019-07-17,68.681297,68.894997,68.603996,68.894997,68.894997
2019-07-18,68.785896,69.012497,68.700302,68.786003,68.786003
2019-07-19,68.785301,68.934502,68.601501,68.849998,68.849998
2019-07-22,68.852997,69.205002,68.830002,68.830002,68.830002
2019-07-23,69.160004,69.192497,68.900002,69.160004,69.160004
2019-07-24,69.019997,69.349998,68.9226,69.019997,69.019997
2019-07-25,68.981102,69.184998,68.882797,69.184998,69.184998
2019-07-26,69.153,69.357498,68.816002,69.150497,69.150497
2019-07-29,68.870499,68.957001,68.709999,68.870003,68.870003
2019-07-30,68.748001,68.949997,68.660004,68.949997,68.949997
2019-07-31,69.077499,69.077499,68.755997,69.077499,69.077499
2019-08-01,68.999901,69.404999,68.866997,69.404999,69.404999
2019-08-02,69.296997,69.800003,69.0075,69.297203,69.297203
2019-08-05,69.693001,71.186996,69.657898,69.656898,69.656898
2019-08-06,71.519997,71.519997,70.495003,71.519997,71.519997
2019-08-07,71.032997,71.404503,70.592499,71.230003,71.230003
2019-08-08,71.165199,71.205002,70.396004,71.1651,71.1651
2019-08-09,70.487,71.061501,70.447998,70.470901,70.470901
2019-08-12,70.917,71.362503,70.910004,71.035004,71.035004
2019-08-13,71.276001,71.580002,70.739998,71.580002,71.580002
2019-08-14,71.110298,71.5625,70.809998,71.080002,71.080002
2019-08-15,71.267998,71.900002,71.267998,71.635201,71.635201
2019-08-16,71.803001,71.803001,71.008003,71.720001,71.720001
2019-08-19,71.148003,71.579498,71.035004,71.132004,71.132004
2019-08-20,71.444,71.995003,71.441002,71.995003,71.995003
2019-08-21,71.542,71.809998,71.334,71.809998,71.809998
2019-08-22,71.429497,72.019997,71.392998,71.437798,71.437798
2019-08-23,72.264999,72.264999,71.406502,71.920403,71.920403
2019-08-26,71.504997,72.334999,71.502502,71.502502,71.502502
2019-08-27,72.0103,72.160004,71.370003,72.160004,72.160004
2019-08-28,71.535301,71.894997,71.455002,71.535004,71.535004
2019-08-29,71.819298,72.093498,71.620003,72.084999,72.084999
2019-08-30,71.680298,71.977501,71.376999,71.680199,71.680199
2019-09-02,71.445999,72.007797,71.445999,71.729897,71.729897
2019-09-03,71.959503,72.620003,71.730003,71.962097,71.962097
2019-09-04,72.1605,72.459999,71.887001,72.459999,72.459999
2019-09-05,71.958,72.269997,71.771004,71.955704,71.955704
2019-09-06,71.923302,72.220001,71.475998,72.220001,72.220001
2019-09-09,71.638,71.714996,71.487801,71.669998,71.669998
2019-09-10,72.092499,72.110001,71.734001,72.092499,72.092499
2019-09-11,null,null,null,null,null
2019-09-12,null,null,null,null,null
2019-09-13,null,null,null,null,null
2019-09-16,null,null,null,null,null
2019-09-17,null,null,null,null,null
2019-09-18,null,null,null,null,null
2019-09-19,null,null,null,null,null
2019-09-20,null,null,null,null,null
2019-09-23,null,null,null,null,null
2019-09-24,null,null,null,null,null
2019-09-25,null,null,null,null,null
2019-09-26,null,null,null,null,null
2019-09-27,null,null,null,null,null
2019-09-30,null,null,null,null,null
2019-10-01,null,null,null,null,null
2019-10-02,null,null,null,null,null
2019-10-03,null,null,null,null,null
2019-10-04,null,null,null,null,null
2019-10-07,null,null,null,null,null
2019-10-08,70.968002,71.360001,70.828003,71.360001,71.360001
2019-10-09,null,null,null,null,null
2019-10-10,71.112999,71.410004,70.882004,71.410004,71.410004
2019-10-11,71.199997,71.199997,70.759003,70.980003,70.980003
2019-10-14,70.917,71.249496,70.731499,70.914001,70.914001
2019-10-15,71.228996,71.583,71.124001,71.452499,71.452499
2019-10-16,71.760002,71.760002,71.364502,71.760002,71.760002
2019-10-17,71.354401,71.620003,71.07,71.620003,71.620003
2019-10-18,71.123001,71.422501,70.966003,71.422501,71.422501
2019-10-21,71.083,71.346001,70.745499,71.029999,71.029999
2019-10-22,71.105003,71.105003,70.7575,71.105003,71.105003
2019-10-23,71.074997,71.175003,70.708,71.074997,71.074997
2019-10-24,70.932503,71.072998,70.699501,70.714996,70.714996
2019-10-25,70.958,71.190002,70.751503,71.190002,71.190002
2019-10-28,70.830002,70.877502,70.6726,70.830002,70.830002
2019-10-29,70.7351,70.898003,70.68,70.735001,70.735001
2019-10-30,70.8843,71.050003,70.728996,70.884598,70.884598
2019-10-31,70.989998,71.139,70.676498,70.989998,70.989998
2019-11-01,71.272499,71.272499,70.538002,70.970001,70.970001
2019-11-04,70.5121,70.815002,70.471497,70.5121,70.5121
2019-11-05,71,71,70.614304,71,71
2019-11-06,70.894997,71.097,70.649002,70.894997,70.894997
2019-11-07,71.2575,71.2575,70.874802,71,71
2019-11-08,71.307999,71.470001,71.268501,71.376503,71.376503
2019-11-11,71.349998,71.613998,71.233002,71.376503,71.376503
2019-11-12,71.747498,71.778999,71.494301,71.573997,71.573997
2019-11-13,71.780098,72.191498,71.637001,71.779999,71.779999
2019-11-14,72.141602,72.360001,71.827003,72.141502,72.141502
2019-11-15,71.955597,72.172501,71.586502,71.955803,71.955803
2019-11-18,71.625,71.939003,71.572998,71.705803,71.705803
2019-11-19,71.934998,72.169998,71.617302,71.935097,71.935097
2019-11-20,72.07,72.07,71.653999,71.850998,71.850998
2019-11-21,71.980003,71.980003,71.693802,71.768204,71.768204
2019-11-22,71.740097,71.942497,71.639,71.740501,71.740501
2019-11-25,71.7826,71.864998,71.611504,71.7826,71.7826
2019-11-26,71.679398,71.809998,71.421997,71.679497,71.679497
2019-11-27,71.429497,71.580002,71.219803,71.428398,71.428398
2019-11-28,71.227798,71.75,71.227699,71.228104,71.228104
2019-11-29,71.547401,71.875504,71.498001,71.547401,71.547401
2019-12-02,71.738998,71.808998,71.573997,71.723,71.723
2019-12-03,71.625099,71.808998,71.499001,71.625,71.625
2019-12-04,71.730698,71.959999,71.469002,71.959999,71.959999
2019-12-05,71.480003,71.639999,71.1791,71.480103,71.480103
2019-12-06,71.229897,71.431999,71.195,71.385002,71.385002
2019-12-09,71.272903,71.275002,71.008499,71.286797,71.286797
2019-12-10,70.960098,71.150002,70.780998,70.960197,70.960197
2019-12-11,70.822304,71.010002,70.653,71.010002,71.010002
2019-12-12,70.729202,70.93,70.516998,70.729301,70.729301
2019-12-13,70.709999,70.853996,70.471001,70.559898,70.559898
2019-12-16,70.679497,71.028,70.666496,70.689003,70.689003
2019-12-17,70.920502,71.091003,70.848,70.920502,70.920502
2019-12-18,71.025597,71.264503,70.871002,71.214996,71.214996
2019-12-19,70.989998,71.364998,70.872002,70.989899,70.989899
2019-12-20,71.222702,71.425003,71.033997,71.222702,71.222702
2019-12-23,71.050003,71.290497,71.033997,71.024002,71.024002
2019-12-24,71.209999,71.410004,71.142303,71.210701,71.210701
2019-12-25,71.459999,71.459999,71.1875,71.459999,71.459999
2019-12-26,71.335999,71.540001,71.2005,71.540001,71.540001
2019-12-27,71.459999,71.561996,71.190002,71.300301,71.300301
2019-12-30,71.410004,71.5,71.252998,71.313004,71.313004
2019-12-31,71.310997,71.537498,71.134804,71.310997,71.310997
2020-01-01,71.275803,71.43,71.029999,71.275803,71.275803
2020-01-02,71.025002,71.405502,71.025002,71.025002,71.025002
2020-01-03,71.415001,71.995003,71.229797,71.415001,71.415001
2020-01-06,71.720001,72.190002,71.703003,71.731003,71.731003
2020-01-07,72.019997,72.0326,71.668999,71.787003,71.787003
2020-01-08,72.160004,72.5,71.344498,72.160004,72.160004
2020-01-09,71.629997,71.629997,71.101997,71.411903,71.411903
2020-01-10,71.392502,71.392502,70.829002,71.194298,71.194298
2020-01-13,70.953003,70.989998,70.648003,70.953003,70.953003
2020-01-14,70.718903,70.952499,70.606499,70.718903,70.718903
2020-01-15,71.105003,71.105003,70.660004,70.8451,70.8451
2020-01-16,70.932503,71.099998,70.661499,70.718002,70.718002
2020-01-17,71.162498,71.162498,70.835999,70.945602,70.945602
2020-01-20,71.033699,71.25,70.720001,71.034698,71.034698
2020-01-21,71.2425,71.370003,71.029999,71.030998,71.030998
2020-01-22,71.204002,71.415001,71.066498,71.169998,71.169998
2020-01-23,71.07,71.452499,71.07,71.078102,71.078102
2020-01-24,71.322197,71.510002,71.208504,71.320999,71.320999
2020-01-27,71.32,71.635002,71.32,71.324997,71.324997
2020-01-28,71.654999,71.654999,71.178001,71.440002,71.440002
2020-01-29,71.230103,71.425003,71.168503,71.2304,71.2304
2020-01-30,71.300003,71.711998,71.300003,71.300003,71.300003
2020-01-31,71.639999,71.639999,71.277496,71.639999,71.639999
2020-02-03,71.544998,71.699997,71.265503,71.496498,71.496498
2020-02-04,71.314102,71.514999,71.084999,71.314102,71.314102
2020-02-05,71.100403,71.279999,71.099899,71.099998,71.099998
2020-02-06,71.181,71.397499,71.121002,71.18,71.18
2020-02-07,71.470001,71.570999,71.177498,71.470001,71.470001
2020-02-10,71.504997,71.508003,71.259003,71.515503,71.515503
2020-02-11,71.470001,71.470001,71.171501,71.279999,71.279999
2020-02-12,71.275497,71.474998,71.064003,71.275299,71.275299
2020-02-13,71.296501,71.491898,71.235802,71.296204,71.296204
2020-02-14,71.268501,71.596001,71.256401,71.268501,71.268501
2020-02-17,71.5177,71.5177,71.268997,71.514801,71.514801
2020-02-18,71.349297,71.613503,71.330002,71.349197,71.349197
2020-02-19,71.790001,71.815002,71.420998,71.574997,71.574997
2020-02-20,71.632896,71.919502,71.547401,71.827499,71.827499
2020-02-21,72.110001,72.110001,71.669998,72.110001,72.110001
2020-02-24,71.870003,72.355003,71.766998,71.886803,71.886803
2020-02-25,72.0467,72.294998,71.593002,72.0467,72.0467
2020-02-26,71.870003,72.137497,71.525597,71.870003,71.870003
2020-02-27,71.663399,71.952499,71.535004,71.663399,71.663399
2020-02-28,71.93,72.815002,71.627502,71.93,71.93
2020-03-02,72.528999,73.387497,71.952499,72.150002,72.150002
2020-03-03,72.4235,73.599998,72.342499,72.824997,72.824997
2020-03-04,73.342003,74.037498,72.894997,73.342003,73.342003
2020-03-05,74.042503,74.080002,73.050003,74.042503,74.042503
2020-03-06,73.855103,74.440002,73.496498,73.855103,73.855103
2020-03-09,73.9953,75.0625,73.862503,73.9953,73.9953
2020-03-10,75.144997,75.144997,73.735497,74.405998,74.405998
2020-03-11,74.205002,74.404999,73.404503,74.205002,74.205002
2020-03-12,74.760002,75.379997,73.994499,74.760002,74.760002
2020-03-13,74.436096,75.434998,73.699501,75.300003,75.300003
2020-03-16,73.830002,75.122498,73.7575,73.903999,73.903999
2020-03-17,75.154999,75.154999,73.580002,75.154999,75.154999
2020-03-18,74.012398,74.989502,73.705002,74.012398,74.012398
2020-03-19,74.982002,75.571999,74.411003,74.982002,74.982002
2020-03-20,76.120003,76.230003,74.154999,75.159698,75.159698
2020-03-23,75.388496,77.754997,75.275002,75.622101,75.622101
2020-03-24,76.505997,77.75,75.012497,76.505997,76.505997
2020-03-25,77.260002,77.474998,75.849998,77.260002,77.260002
2020-03-26,77.095001,77.095001,74.769501,75.845497,75.845497
2020-03-27,74.725601,76.25,73.989998,74.725601,74.725601
2020-03-30,75.464996,76.379997,74.989998,75.464996,75.464996
2020-03-31,75.400101,76.482498,75.134499,75.400002,75.400002
2020-04-01,76.110001,77.377602,75.324997,75.324997,75.324997
2020-04-02,76.585503,77.57,76.010002,77.57,77.57
2020-04-03,77.139999,77.504997,75.75,77.139999,77.139999
2020-04-06,76.230003,77.379997,75.904503,76.230003,76.230003
2020-04-07,75.964897,77.114998,75.251999,75.964897,75.964897
2020-04-08,76.660004,77.199997,75.572502,76.660004,76.660004
2020-04-09,75.959,77.199997,75.747498,75.959,75.959
2020-04-10,76.650002,76.68,75.807503,76.650002,76.650002
2020-04-13,76.166496,76.952499,75.9925,76.166496,76.166496
2020-04-14,76.910004,76.962502,75.939499,76.910004,76.910004
2020-04-15,75.931,76.709503,75.921303,75.931,75.931
2020-04-16,76.500099,77.510002,76.472,77.212502,77.212502
2020-04-17,76.858902,77.57,76.247002,77.57,77.57
2020-04-20,76.559998,77.315002,76.311302,76.559998,76.559998
2020-04-21,76.5924,77.614998,76.4963,77.209999,77.209999
2020-04-22,77.684998,77.684998,76.384499,76.969398,76.969398
2020-04-23,76.995003,76.995003,75.672501,76.400002,76.400002
2020-04-24,76.422501,76.800003,75.839996,76.422501,76.422501
2020-04-27,76.2715,76.785004,75.887497,76.2715,76.2715
2020-04-28,76.654999,76.654999,75.790398,76.186302,76.186302
2020-04-29,76.464996,76.464996,75.412003,76.464996,76.464996
2020-04-30,75.610001,75.75,74.805,75.258499,75.258499
2020-05-01,75.720001,76.144997,75.072998,75.720001,75.720001
2020-05-04,75.591003,75.805,75.352501,75.600502,75.600502
2020-05-05,75.629997,76.115799,75.379997,75.849998,75.849998
2020-05-06,76.169998,76.169998,75.590302,76.169998,76.169998
2020-05-07,76.550003,76.550003,75.709503,76.151299,76.151299
2020-05-08,76.080002,76.080002,75.260002,76.080002,76.080002
2020-05-11,75.525002,76.260002,75.039497,75.525002,75.525002
2020-05-12,75.927597,76.309998,75.041298,76.309998,76.309998
2020-05-13,75.3685,75.68,75.043999,75.68,75.68
2020-05-14,75.4272,75.730003,75.341003,75.426201,75.426201
2020-05-15,75.485001,76.185501,75.319298,75.485001,75.485001
2020-05-18,75.82,76.092003,75.612396,75.82,75.82
2020-05-19,75.599998,76.040001,75.527496,75.600098,75.600098
2020-05-20,75.699997,76,75.462997,76,76
2020-05-21,75.779999,75.919998,75.416,75.779999,75.779999
2020-05-22,75.625,76.209503,75.610001,75.625,75.625
2020-05-25,75.985001,76.129501,75.7575,75.985001,75.985001
2020-05-26,75.873596,76.110001,75.404999,76.110001,76.110001
2020-05-27,75.489502,76,75.381302,75.82,75.82
2020-05-28,75.885696,76.129997,75.634499,76.129997,76.129997
2020-05-29,75.959999,75.959999,75.4263,75.959999,75.959999
2020-06-01,75.513199,75.769997,75.235497,75.513199,75.513199
2020-06-02,75.730003,75.730003,74.982803,75.730003,75.730003
2020-06-03,75.275002,75.684998,74.914398,75.065804,75.065804
2020-06-04,75.327698,75.635002,75.281898,75.544998,75.544998
2020-06-05,75.4832,75.792503,75.309402,75.490898,75.490898
2020-06-08,75.5177,75.739998,75.388802,75.5177,75.5177
2020-06-09,75.399803,75.691002,75.391899,75.625,75.625
2020-06-10,75.509697,75.7799,75.3769,75.509804,75.509804
2020-06-11,75.875,76.196999,75.5,75.875,75.875
2020-06-12,76.389999,76.389999,75.767502,76.389999,76.389999
2020-06-15,75.956902,76.220001,75.894997,75.956802,75.956802
2020-06-16,76.097504,76.283798,75.745003,75.977997,75.977997
2020-06-17,76.403702,76.654999,76.094498,76.654999,76.654999
2020-06-18,76.289803,76.550003,76.001503,76.550003,76.550003
2020-06-19,76.483101,76.635002,76.105499,76.400398,76.400398
2020-06-22,76.257301,76.453499,75.738503,76.252098,76.252098
2020-06-23,76,76.119797,75.472,75.789803,75.789803
2020-06-24,75.839996,75.839996,75.466003,75.607803,75.607803
2020-06-25,75.970001,75.970001,75.519798,75.970001,75.970001
2020-06-26,75.542,75.745003,75.430496,75.539803,75.539803
2020-06-29,75.619797,75.6418,75.4319,75.619797,75.619797
2020-06-30,75.518799,75.699997,75.388496,75.699997,75.699997
2020-07-01,75.556999,75.75,75.474998,75.75,75.75
2020-07-02,75.677498,75.677498,74.607498,75.454903,75.454903
2020-07-03,74.875,74.989998,74.544502,74.721001,74.721001
2020-07-06,74.679298,74.807999,74.430298,74.679298,74.679298
2020-07-07,74.607498,74.962997,74.540298,74.607597,74.607597
2020-07-08,75.125,75.125,74.8125,75.125,75.125
2020-07-09,74.920998,75.1567,74.847801,74.939903,74.939903
2020-07-10,75.339996,75.355003,75.056702,75.339996,75.339996
2020-07-13,75.194298,75.434998,75.070503,75.158501,75.158501
2020-07-14,75.449997,75.510498,75.2118,75.449997,75.449997
2020-07-15,75.574997,75.574997,75.043297,75.574997,75.574997
2020-07-16,75.124901,75.349998,75.085999,75.124901,75.124901
2020-07-17,75.419998,75.419998,74.916,75.1745,75.1745
2020-07-20,74.8974,75.150002,74.747002,74.897301,74.897301
2020-07-21,74.989998,74.994003,74.507401,74.989998,74.989998
2020-07-22,74.769997,74.833099,74.4646,74.769997,74.769997
2020-07-23,74.82,74.925598,74.572304,74.82,74.82
2020-07-24,75.044998,75.099998,74.6847,74.807297,74.807297
2020-07-27,74.725601,74.983498,74.513496,74.759804,74.759804
2020-07-28,75,75,74.648499,75,75
2020-07-29,75.089996,75.089996,74.683998,75.089996,75.089996
2020-07-30,74.8312,75.019997,74.750504,74.8312,74.8312
2020-07-31,74.783798,74.989998,74.613503,74.989998,74.989998
2020-08-03,74.9179,75.298401,74.835999,74.917801,74.917801
2020-08-04,75.330002,75.364998,74.973,75.330002,75.330002
2020-08-05,75.25,75.25,74.771301,75.25,75.25
2020-08-06,75.099998,75.099998,74.768997,74.882202,74.882202
2020-08-07,74.899803,75.1092,74.875999,74.899803,74.899803
2020-08-10,75.026901,75.246002,74.856003,75.024803,75.024803
2020-08-11,75.099998,75.099998,74.515999,75.099998,75.099998
2020-08-12,74.900002,74.924004,74.619797,74.900002,74.900002
2020-08-13,74.997498,74.997498,74.744003,74.772102,74.772102
2020-08-14,75.029999,75.029999,74.7285,75.029999,75.029999
2020-08-17,74.902802,75.080002,74.662399,74.902802,74.902802
2020-08-18,75,75,74.570297,75,75
2020-08-19,74.794998,75.057503,74.575302,74.794998,74.794998
2020-08-20,75.18,75.199997,74.847198,74.966797,74.966797
2020-08-21,75.190002,75.190002,74.822998,74.999901,74.999901
2020-08-24,74.921799,74.921799,73.925301,74.921799,74.921799
2020-08-25,74.400002,74.639297,74.046997,74.400002,74.400002
2020-08-26,74.452499,74.452499,74.185997,74.452499,74.452499
2020-08-27,74.459999,74.459999,73.763901,74.240097,74.240097
2020-08-28,73.970001,73.970001,73.095802,73.774498,73.774498
2020-08-31,73.128403,73.885002,73.0345,73.128304,73.128304
2020-09-01,73.669998,73.669998,72.718498,73.669998,73.669998
2020-09-02,73.269997,73.370003,72.889297,73.269997,73.269997
2020-09-03,73.459999,73.711304,72.893501,73.248497,73.248497
2020-09-04,73.667503,73.669998,73.010803,73.447899,73.447899
2020-09-07,73.290298,73.506798,73.018997,73.290298,73.290298
2020-09-08,73.650002,73.957802,73.392998,73.650002,73.650002
2020-09-09,73.786797,74.050003,73.082497,73.786797,73.786797
2020-09-10,73.550003,73.550003,73.012001,73.550003,73.550003
2020-09-11,73.75,73.75,73.363998,73.527298,73.527298
2020-09-14,73.478699,73.7024,73.244003,73.4786,73.4786
2020-09-15,73.384003,73.723,73.288498,73.614998,73.614998
2020-09-16,73.6101,73.800003,73.463799,73.800003,73.800003
2020-09-17,73.764999,73.788101,73.398003,73.550697,73.550697
2020-09-18,73.779999,73.779999,73.172997,73.583603,73.583603
2020-09-21,73.534798,73.649597,73.278,73.534798,73.534798
2020-09-22,73.579803,73.650002,73.388,73.579803,73.579803
2020-09-23,73.502899,73.800003,73.438004,73.502998,73.502998
2020-09-24,74.010002,74.222,73.563004,73.778397,73.778397
2020-09-25,73.910004,73.910004,73.561501,73.682404,73.682404
2020-09-28,73.699402,73.870003,73.519302,73.699303,73.699303
2020-09-29,73.764801,73.974998,73.603996,73.974998,73.974998
2020-09-30,73.654999,73.856499,73.524399,73.845001,73.845001
2020-10-01,73.705002,73.705002,73.027,73.705002,73.705002
2020-10-02,73.419998,73.532997,73.139999,73.217003,73.217003
2020-10-05,73.322502,73.398003,73.047096,73.322403,73.322403
2020-10-06,73.115799,73.488998,73.043999,73.108299,73.108299
2020-10-07,73.815002,73.815002,73.080002,73.815002,73.815002
2020-10-08,73.542503,73.546501,73.194,73.542503,73.542503
2020-10-09,73.280502,73.497299,72.976997,73.280502,73.280502
2020-10-12,73.0149,73.4132,72.933998,73.014801,73.014801
2020-10-13,73.3508,73.504997,73.245598,73.3508,73.3508
2020-10-14,73.418297,73.620003,73.2052,73.620003,73.620003
2020-10-15,73.4925,73.5187,73.202003,73.296204,73.296204
2020-10-16,73.57,73.57,73.272697,73.371002,73.371002
2020-10-19,73.443802,73.595001,73.283997,73.443802,73.443802
2020-10-20,73.3937,73.574997,73.294998,73.574997,73.574997
2020-10-21,73.479698,73.784203,73.359001,73.647499,73.647499
2020-10-22,73.724998,73.884003,73.472801,73.681297,73.681297
2020-10-23,73.720001,73.8853,73.473,73.720001,73.720001
2020-10-26,73.834,74.114304,73.690002,73.822899,73.822899
2020-10-27,74.137497,74.137497,73.613998,73.948502,73.948502
2020-10-28,73.814903,74.251999,73.642998,73.805,73.805
2020-10-29,74.440002,74.524696,73.932999,74.440002,74.440002
2020-10-30,74.264,74.702003,74.031998,74.264,74.264
2020-11-02,74.707298,74.707603,74.274002,74.550499,74.550499
2020-11-03,74.456802,74.684799,74.245003,74.456802,74.456802
2020-11-04,74.849998,75.000999,74.278801,74.655602,74.655602
2020-11-05,74.190498,74.407303,73.845802,74.379997,74.379997
2020-11-06,74.120003,74.278503,73.863998,74.120003,74.120003
2020-11-09,73.9758,74.167999,73.643097,73.979797,73.979797
2020-11-10,74.139999,74.465797,73.877998,73.953201,73.953201
2020-11-11,74.472504,74.537903,74.108002,74.281601,74.281601
2020-11-12,74.624802,74.759003,74.365997,74.57,74.57
2020-11-13,74.6717,74.887299,74.466103,74.864998,74.864998
2020-11-16,74.589798,74.589798,74.379303,74.487701,74.487701
2020-11-17,74.550003,74.608902,74.326797,74.418098,74.418098
2020-11-18,74.480103,74.704803,74.035202,74.479698,74.479698
2020-11-19,74.419998,74.442299,74.119797,74.419998,74.419998
2020-11-20,74.099602,74.339203,74.072998,74.099602,74.099602
2020-11-23,74.119797,74.406303,74.002998,74.162399,74.162399
2020-11-24,74.244499,74.249001,73.884399,74.244904,74.244904
2020-11-25,73.9608,74.169998,73.748802,73.9608,73.9608
2020-11-26,73.7799,74.070503,73.738899,73.7799,73.7799
2020-11-27,74.048798,74.268501,73.746201,74.048798,74.048798
2020-11-30,73.935303,74.198502,73.879097,73.940903,73.940903
2020-12-01,74.0252,74.172897,73.464996,74.0252,74.0252
2020-12-02,73.6698,73.813797,73.398003,73.654999,73.654999
2020-12-03,73.662598,73.953201,73.630402,73.662598,73.662598
2020-12-04,73.939003,74.087303,73.659698,73.864899,73.864899
2020-12-07,73.790298,73.947998,73.631798,73.790298,73.790298
2020-12-08,73.809898,74.0373,73.542,74.019997,74.019997
2020-12-09,73.832298,73.939796,73.530998,73.726402,73.726402
2020-12-10,73.817299,73.934998,73.624001,73.934998,73.934998
2020-12-11,73.7267,73.922501,73.536499,73.7267,73.7267
2020-12-14,73.737999,73.780998,73.470001,73.737999,73.737999
2020-12-15,73.860001,73.900299,73.502197,73.860001,73.860001
2020-12-16,73.759804,73.795998,73.458603,73.759804,73.759804
2020-12-17,73.824799,73.824799,73.384697,73.6166,73.6166
2020-12-18,73.604797,73.754799,73.471001,73.5298,73.5298
2020-12-21,73.6036,74.092003,73.512802,73.6036,73.6036
2020-12-22,73.935303,74.202301,73.786697,73.935303,73.935303
2020-12-23,74.005501,74.269997,73.6464,74.269997,74.269997
2020-12-24,73.839798,74.099998,73.450798,73.839798,73.839798
2020-12-25,73.5578,73.800003,73.550003,73.5578,73.5578
2020-12-28,73.689003,73.734802,73.4562,73.689003,73.689003
2020-12-29,73.544899,73.767303,73.287201,73.544899,73.544899
2020-12-30,73.654999,73.664803,73.101601,73.453598,73.453598
2020-12-31,73.134003,73.349998,72.946602,73.134003,73.134003
2021-01-01,73.089203,73.319801,73.025002,73.089203,73.089203
2021-01-04,73.092003,73.200996,72.7985,73.092003,73.092003
2021-01-05,73.091499,73.329803,72.963501,73.32,73.32
2021-01-06,73.167999,73.360001,73.040001,73.374802,73.374802
2021-01-07,73.374802,73.467003,73.063004,73.360001,73.360001
2021-01-08,73.730003,73.739799,73.196198,73.445999,73.445999
2021-01-11,73.373398,73.584198,73.340302,73.373398,73.373398
2021-01-12,73.778999,73.778999,73.202003,73.513496,73.513496
2021-01-13,73.414001,73.414001,73.062798,73.165001,73.165001
2021-01-14,73.169998,73.353996,72.939003,73.169899,73.169899
2021-01-15,73.089996,73.378098,73.002502,73.087601,73.087601
2021-01-18,73.158997,73.419998,73.123001,73.158997,73.158997
2021-01-19,73.189201,73.307999,73.098999,73.188698,73.188698
2021-01-20,73.192001,73.192299,72.8993,73.191902,73.191902
2021-01-21,72.907898,73.045303,72.883003,72.910896,72.910896
2021-01-22,72.954903,73.237503,72.929001,72.954903,72.954903
2021-01-25,72.995903,73.220001,72.877998,72.995903,72.995903
2021-01-26,72.970001,73.222,72.774498,72.970001,72.970001
2021-01-27,72.919899,73.071899,72.797997,72.919998,72.919998
2021-01-28,73.037003,73.174103,72.896797,73.037102,73.037102
2021-01-29,72.938797,73.030296,72.767502,72.938797,72.938797
2021-02-01,72.906601,73.2034,72.817101,72.906601,72.906601
2021-02-02,73.119797,73.324799,72.9076,73.119797,73.119797
2021-02-03,72.949997,73.002998,72.819,72.916298,72.916298
2021-02-04,72.859802,72.990402,72.825996,72.858002,72.858002
2021-02-05,72.986099,73.022797,72.777702,72.945702,72.945702
2021-02-08,72.784798,73.014999,72.778,72.784798,72.784798
2021-02-09,72.929901,73.004303,72.801201,72.929901,72.929901
2021-02-10,72.855598,73.109001,72.778,72.854897,72.854897
2021-02-11,72.807297,72.878403,72.674202,72.807297,72.807297
2021-02-12,72.709503,72.825104,72.562798,72.709503,72.709503
2021-02-15,72.594803,72.684998,72.435997,72.594803,72.594803
2021-02-16,72.638702,72.914703,72.592499,72.638702,72.638702
2021-02-17,72.934998,73.153999,72.723,72.934998,72.934998
2021-02-18,72.787003,72.804001,72.538696,72.797302,72.797302
2021-02-19,72.605499,72.714996,72.3983,72.6054,72.6054
2021-02-22,72.553001,72.589302,72.306503,72.553001,72.553001
2021-02-23,72.457901,72.556503,72.32,72.444,72.444
2021-02-24,72.382103,72.598999,72.267998,72.376999,72.376999
2021-02-25,72.395599,72.766701,72.278999,72.400002,72.400002
2021-02-26,73.1549,74.178703,72.877998,73.150902,73.150902
2021-03-01,73.595901,74.125,73.184998,73.595901,73.595901
2021-03-02,73.309402,73.871002,73.281502,73.309402,73.309402
2021-03-03,73.277496,73.319801,72.728798,73.277496,73.277496
2021-03-04,72.880699,73.108002,72.612198,72.880699,72.880699
2021-03-05,73.131798,73.311203,72.735001,73.131798,73.131798
2021-03-08,73.1334,73.415298,72.940002,73.1334,73.1334
2021-03-09,73.330399,73.386299,72.885597,73.330002,73.330002
2021-03-10,72.775803,73.078003,72.7649,72.775902,72.775902
2021-03-11,72.7061,72.797997,72.564796,72.706001,72.706001
2021-03-12,72.639,72.873299,72.565002,72.639,72.639
2021-03-15,72.682999,72.781998,72.392303,72.682999,72.682999
2021-03-16,72.515297,72.945999,72.365501,72.515297,72.515297
2021-03-17,72.515701,73.008003,72.4963,72.515602,72.515602
2021-03-18,72.569801,72.744003,72.295601,72.295601,72.295601
2021-03-19,72.668701,72.737801,72.446503,72.6688,72.6688
2021-03-22,72.404999,72.949997,72.301003,72.404999,72.404999
2021-03-23,72.380501,72.539101,72.265999,72.380501,72.380501
2021-03-24,72.612297,73.080498,72.5009,72.612198,72.612198
2021-03-25,72.645599,73.137001,72.550003,72.645599,72.645599
2021-03-26,72.612801,72.660004,72.3703,72.612801,72.612801
2021-03-29,72.447304,72.8274,72.447304,72.447197,72.447197
2021-03-30,72.741898,73.652298,72.712997,72.741898,72.741898
2021-03-31,73.445297,73.612999,73.050003,73.445297,73.445297
2021-04-01,73.203499,73.462502,73.105003,73.203499,73.203499
2021-04-02,73.2873,73.409798,73.238503,73.2873,73.2873
2021-04-05,73.376099,73.451599,73.197304,73.375999,73.375999
2021-04-06,73.279503,73.529099,73.2146,73.279503,73.279503
2021-04-07,73.489998,74.532303,73.449799,73.489998,73.489998
2021-04-08,74.401497,74.905602,74.193001,74.401497,74.401497
2021-04-09,74.544502,75.006302,74.460503,74.544502,74.544502
2021-04-12,74.729599,75.178299,74.180199,74.7295,74.7295
2021-04-13,74.990997,75.517998,74.890404,74.990997,74.990997
2021-04-14,75.1819,75.260002,75.003899,75.181503,75.181503
2021-04-15,75.054001,75.362999,74.744003,75.0261,75.0261
2021-04-16,74.727402,74.836502,74.297699,74.727402,74.727402
2021-04-19,74.541298,75.045403,74.532997,74.563202,74.563202
2021-04-20,74.878197,75.7248,74.501999,74.878197,74.878197
2021-04-21,75.449203,75.690002,75.283203,75.449203,75.449203
2021-04-22,75.429497,75.614998,74.841003,75.429497,75.429497
2021-04-23,75.091698,75.305,74.738503,75.091698,75.091698
2021-04-26,74.868202,75.251999,74.664001,74.868103,74.868103
2021-04-27,74.797897,74.834999,74.510498,74.814903,74.814903
2021-04-28,74.574997,74.945999,74.281998,74.574997,74.574997
2021-04-29,74.311798,74.597,73.958298,74.311798,74.311798
2021-04-30,74.105797,74.294998,73.825401,74.105797,74.105797
2021-05-03,74.094902,74.494003,73.7472,74.094803,74.094803
2021-05-04,73.837502,74.476997,73.738503,73.837502,73.837502
2021-05-05,73.7789,74.014503,73.688301,73.7789,73.7789
2021-05-06,73.7995,74.191002,73.572098,73.7994,73.7994
2021-05-07,73.615196,73.894997,73.166199,73.615196,73.615196
2021-05-10,73.290398,73.470703,73.217003,73.290298,73.290298
2021-05-11,73.500099,73.776398,73.254501,73.5,73.5
2021-05-12,73.375099,73.742996,73.367996,73.375099,73.375099
2021-05-13,73.681602,73.682899,73.451897,73.681602,73.681602
2021-05-14,73.444901,73.845299,73.184998,73.444901,73.444901
2021-05-17,73.278999,73.723297,73.141197,73.2789,73.2789
2021-05-18,73.269699,73.619499,72.951401,73.269699,73.269699
2021-05-19,73.126198,73.456001,72.9263,73.128197,73.128197
2021-05-20,73.223,73.223297,73.031197,73.2229,73.2229
2021-05-21,73.021896,73.338997,72.752998,73.021896,73.021896
2021-05-24,72.909798,72.9758,72.818001,72.909798,72.909798
2021-05-25,72.836601,73.195,72.742996,72.836601,72.836601
2021-05-26,72.804901,72.808403,72.626801,72.804901,72.804901
2021-05-27,72.672501,73.155998,72.427299,72.672501,72.672501
2021-05-28,72.683601,72.937302,72.3358,72.682999,72.682999
2021-05-31,72.3936,72.748001,72.344498,72.393501,72.393501
2021-06-01,72.487198,72.949402,72.458,72.487198,72.487198
2021-06-02,72.855003,73.434998,72.497803,72.855003,72.855003
2021-06-03,72.962196,73.155998,72.843399,72.965103,72.965103
2021-06-04,73.044197,73.113503,72.780502,73.044197,73.044197
2021-06-07,72.909798,72.916,72.741096,72.909698,72.909698
2021-06-08,72.809402,72.978699,72.744003,72.809402,72.809402
2021-06-09,72.975304,73.013496,72.870003,72.975304,72.975304
2021-06-10,72.985298,73.238503,72.939003,72.985298,72.985298
2021-06-11,73.012299,73.318398,72.894997,73.012299,73.012299
2021-06-14,73.231697,73.293999,73.100502,73.231598,73.231598
2021-06-15,73.185303,73.376297,73.159599,73.180801,73.180801
2021-06-16,73.343903,73.387001,73.260002,73.344704,73.344704
2021-06-17,73.824097,74.238503,73.267998,73.824097,73.824097
2021-06-18,74.253899,74.522301,73.806999,74.253899,74.253899
2021-06-21,74.143997,74.440804,74.045601,74.143898,74.143898
2021-06-22,74.135201,74.387604,74.0205,74.135201,74.135201
2021-06-23,74.332199,74.5448,73.510803,74.332199,74.332199
2021-06-24,74.246902,74.262802,74.104401,74.246902,74.246902
2021-06-25,74.1903,74.390999,74.116798,74.1903,74.1903
2021-06-28,74.212997,74.3283,74.0625,74.212997,74.212997
2021-06-29,74.285599,74.337799,74.189003,74.2854,74.2854
2021-06-30,74.287598,74.473,74.105003,74.287598,74.287598
2021-07-01,74.371101,74.628502,74.310997,74.371002,74.371002
2021-07-02,74.553596,74.899002,74.464996,74.544998,74.544998
2021-07-05,74.481903,74.586998,74.203003,74.481796,74.481796
2021-07-06,74.317802,74.771301,74.2425,74.317802,74.317802
2021-07-07,74.7612,74.853302,74.554497,74.762901,74.762901
2021-07-08,74.821899,74.866203,74.639999,74.821899,74.821899
2021-07-09,74.721497,74.911003,74.473396,74.721397,74.721397
2021-07-12,74.490601,74.657997,74.275398,74.490501,74.490501
2021-07-13,74.541702,74.675797,74.399498,74.541702,74.541702
2021-07-14,74.6595,74.869003,74.456001,74.659103,74.659103
2021-07-15,74.454002,74.562798,74.438004,74.469101,74.469101
2021-07-16,74.537903,74.800003,74.496498,74.537003,74.537003
2021-07-19,74.631897,75.020401,74.631104,74.631798,74.631798
2021-07-20,74.993301,75.205002,74.559998,74.993401,74.993401
2021-07-21,74.526901,74.651604,74.371696,74.527,74.527
2021-07-22,74.440201,74.509003,74.307999,74.440201,74.440201
2021-07-23,74.451897,74.5765,74.3675,74.452003,74.452003
2021-07-26,74.448997,74.702003,74.318604,74.448898,74.448898
2021-07-27,74.279701,74.546997,74.2761,74.289497,74.289497
2021-07-28,74.502296,74.737999,74.324799,74.502296,74.502296
2021-07-29,74.389999,74.519997,74.154404,74.389999,74.389999
2021-07-30,74.245003,74.462502,74.2006,74.251999,74.251999
2021-08-02,74.379204,74.599998,74.312302,74.379097,74.379097
2021-08-03,74.331902,74.367996,74.208,74.332001,74.332001
2021-08-04,74.213898,74.2435,74.077797,74.214401,74.214401
2021-08-05,74.186302,74.286499,74.059402,74.183998,74.183998
2021-08-06,74.0746,74.239601,74.045097,74.082001,74.082001
2021-08-09,74.491501,74.5,74.165001,74.491402,74.491402
2021-08-10,74.466202,74.650002,74.323303,74.466202,74.466202
2021-08-11,74.435501,74.486801,74.157501,74.435501,74.435501
2021-08-12,74.100197,74.407997,74.002296,74.102997,74.102997
2021-08-13,74.260101,74.3153,74.110497,74.260101,74.260101
2021-08-16,74.216904,74.285797,74.080803,74.216797,74.216797
2021-08-17,74.137299,74.400299,74.134903,74.135002,74.135002
2021-08-18,74.364502,74.559799,74.195297,74.364502,74.364502
2021-08-19,74.269798,74.463402,74.269798,74.269798,74.269798
2021-08-20,74.429298,74.475601,74.324997,74.429298,74.429298
2021-08-23,74.351303,74.351402,74.042198,74.301498,74.301498
2021-08-24,74.105904,74.219498,74.055,74.105904,74.105904
2021-08-25,74.144897,74.301804,74.094299,74.144798,74.144798
2021-08-26,74.101799,74.267502,74.068001,74.099998,74.099998
2021-08-27,74.156197,74.330002,73.438004,74.155998,74.155998
2021-08-30,73.496696,73.699799,73.197197,73.496597,73.496597
2021-08-31,73.420998,73.420998,72.9048,73.411201,73.411201
2021-09-01,72.997101,73.143997,72.916,72.996696,72.996696
2021-09-02,72.9851,73.121803,72.932999,72.9851,72.9851
2021-09-03,73.054298,73.205002,72.937798,73.054298,73.054298
2021-09-06,72.994598,73.119301,72.941002,72.994499,72.994499
2021-09-07,73.109901,73.489403,73.035004,73.110001,73.110001
2021-09-08,73.3909,73.868401,73.266502,73.390404,73.390404
2021-09-09,73.795799,73.862,73.489502,73.789001,73.789001
2021-09-10,73.545303,73.576797,73.373802,73.538002,73.538002
2021-09-13,73.5243,73.776802,73.516998,73.5243,73.5243
2021-09-14,73.540802,73.721802,73.514999,73.540802,73.540802
2021-09-15,73.650803,73.870003,73.417,73.650803,73.650803
2021-09-16,73.444801,73.621498,73.336998,73.438004,73.438004
2021-09-17,73.538803,73.752502,73.413101,73.564903,73.564903
2021-09-20,73.696198,73.899597,73.607002,73.696098,73.696098
2021-09-21,73.659302,73.7901,73.549004,73.658997,73.658997
2021-09-22,73.795097,73.941498,73.650002,73.792702,73.792702
2021-09-23,73.875,73.925797,73.588997,73.874901,73.874901
2021-09-24,73.839897,73.875198,73.621002,73.839996,73.839996
2021-09-27,73.812897,73.924004,73.611801,73.812897,73.812897
2021-09-28,73.825302,74.2883,73.727997,73.825302,73.825302
2021-09-29,74.1633,74.5644,74.007004,74.1633,74.1633
2021-09-30,74.317299,74.355202,74.0588,74.321999,74.321999
2021-10-01,74.254402,74.4795,74.077301,74.254402,74.254402
2021-10-04,74.129997,74.302002,74.114998,74.293999,74.293999
